DEPARTMENT,VENDOR,DESCRIPTION,CONTRACT_NUMBER,Year,AMOUNT,REASON,ACAN,FID
WWTP,Waste'N' Watertech Ltd.,Digester Vaughan Chopper Mising Pump Rebuild Kits,19-0096,2019,32588.79,F,,1
Fleet,Brandt Tractor Ltd.,John Deere Heavy Equipment Parts & Service STO,23-0149,2023,175000,"E1, E2",,2
Transportation,Valmont West Coast Engineering,Vibration Dampers,19-0098,2019,45154.8,D,,3
Fire,Frontline Outfitters,Saskatoon Fire Department Uniforms,23-0150,2023,25376.85,C,,4
Communications & Public Engagement,Mediavalet Inc.,Digital Asset Management Software Renewal,23-0153,2023,26268,E2,,5
Transportation,Electromega Ltd.,TranSuite Traffic Management System Module,19-0103,2019,87621.18,D,,6
Transportation,Electromega Ltd.,TransSuite Software Maintenance Agreement,19-0129,2019,32184.45,E,,7
Fleet,Finning Canada,Caterpillar Parts and Service,23-0154,2023,250000,E,,8
Fleet,Bell International Trucks Ltd.,Bell International Branded Parts and Service,23-0156,2023,130000,E,,9
Major Projects & Preservation,HBI Plus Inc.,Haworth Furniture - ACAN,19-0133,2019,732600,D,Yes,10
S L & P,Elster Metering,Electricity Meters,19-0134,2019,245075.1,E,,11
Transit,Payment In Motion Inc,Payment in Motion (PIM) - Software Annual Maintenance and Support,23-0162,2023,79457,E,,12
Human Resources,Shadow Light Consulting Inc.,Leadership Coaching and Consulting,23-0167,2023,46550,,,13
Sustainability ,,2019 Sanitary Sewer System Educational Program Development,19-0149,2019,26640,J,,14
C & D,EPI Environmental Products Inc.,Alternative Daily Cover Film - ACAN,19-0150,2019,31812.5,E,Yes,15
Sustainability,Meewasin Valley Authority,Yellow Fish Road and Sanitary Sewer Education,23-0168,2023,106676,J2,,16
Finance,RBC Investor Services Trust,Investment Custody Services,23-0169,2023,42000,G1,,17
Facilities - Project Services,Silverado Demolition Operations Inc.,Demolition - 201-26th Street West,19-0155,2019,88245,A,,18
Transit,Payment In Motion Inc.,BEA Transit Fare Boxes,19-0156,2019,29999.97,D,,19
Saskatoon Land,Marsh Canada Ltd.,Insurance Property All Risk,23-0172,2023,49818,"A, E1, G1",,20
Saskatoon Water,Swiftcomply US OpCo Inc.,Software for Cross Connection Control Program,23-0177,2023,132375,"D, E",,21
Sustainability,Saskatchewan Waste Reduction Council,2019 Compost Coach Program,19-0157,2019,32950,J 2,,22
Fleet,Redhead Equipment,Repairs - Unit 2222,19-0161,2019,36158.98,E,,23
Transportation,Miovision Technologies Inc.,Monthly Traffic Data Processing,23-0183,2023,40000,"D, E1, E2",,24
Water & Waste Operations,Loraas Disposal North Ltd.,Backup Organics Processing Facility,23-0188,2023,2775000,C,,25
Transit,Cummins Western Canada LP,Cummins DPF Filters & Catalytic Converters,19-0168,2019,68796.02,E,,26
Transit,Payment In Motion Inc.,Disposable Cards,19-0182,2019,27528,E,,27
Transit,Crestline Coach,Access Transit Bus,23-0189,2023,169221.1,D(b),,28
Facilities - Project Services,Associated Engineering (Sask) Ltd.,Consulting Services - Riversdale & Lathey Pools,19-0196,2019,57800,K,,29
City Internal Auditors's Office,KAD Consulting Services Inc.,Audit of Project Management Process,23-0192,2023,50000,A,,30
Saskatoon Water,Don Wehage and Sons Trucking and Excavating Ltd,Rosewood Pond Sediment Removal ,23-0211,2023,76661.58,"A, E1, G1",,31
Communications & Public Engagement,Earnscliffe,"Communications, Public Relations, Issues Management Advice & Support",19-0197,2019,42000,H,,32
C & D,Vemax Management Inc.,Vemax Software Support,19-0209,2019,30881.31,E,,33
Fire,Rocky Mountain Phoenix,Firefighting Foam,23-0213,2023,68544,E2,,34
Corporate Revenue,Sask Tel,Sasktel City Modems AMI,23-0217,2023,39000,E1,,35
Facilities ,Johnson Controls Ltd.,Remote Operations Centre Monitoring Services for RMAG,19-0216,2019,50287.44,D,,36
Recreation & Community Dev,Western Fitness Equipment,Shaw Centre Fitness Equipment,19-0217,2019,70374,E2,,37
Saskatoon Water,Nuvoda LLC,Nitrification Expansion - ACAN,23-0220,2023,533995,"E1, E2",Yes,38
Saskatoon Water,Veolia Water Technologies Treatement,WWTP UV Bulbs,23-0222,2023,125874,E1,,39
Sustainability,Meewasin Valley Authority,2019 Natural Areas Inventory & Disposal,19-0219,2019,26640,J,,40
IT,"Receiver General for Canada Innovation, Science & Econ Dev Can",Radio Frequency Licenses,19-0233,2019,62326,J,,41
Parks,Vermette Trucking and Wood Preservers,Wood Mulch,23-0223,2023,58750,K,,42
WTP,Industrial Software Solutions ULC,Avantis Support Renewal,19-0238,2019,67159.91,E,,43
City Clerk,Open Text Corporation,Documentum Licences,19-0250,2019,212608.6,"D,E",,44
Fire,Motorola Solutions,Motorola Solutions,23-0232,2023,1375414,E1,,45
Sustainability,Saskatchewan Waste Reduction Council,2019 Recycling Education Cart Blitz Program,19-0253,2019,39183,E,,46
Roadways & Support Services,Nordic Industries(1979) Ltd.,Tilt Gates,23-0235,2023,44888.46,D,,47
Facilities - Project Services,Group 2 Architecture Interior Design Ltd.,"Consulting Services to Replace Ice Rink Floor, Boards & Net at Lions Arena",19-0269,2019,124520,,,48
Fire,International Association of Fire,Fire Ground Survival Train-the-Trainer Class,23-0237,2023,39000,E3,,49
Fleet,Redhead Equipment,Repairs - Unit 2223,19-0287,2019,39102.79,"C, E3",,50
S L & P,Cooper Industries (Electrical) Inc.,VaultGard Lab Kit,23-0246,2023,68407,E1,,51
Corporate Revenue ,Honeywell,Upgrade Connexo NetSense,19-0301,2019,172428.5,Db,,52
WTP,Westburne Electric Supply (Midwest),Allen Bradley Powerflex 753 Variable Frequency Drives and Parts,23-0247,2023,29327.6,E3,,53
IT,Agora Consulting Partners Inc.,Project Online Solution Support,19-0305,2019,39960,Db,,54
Saskatoon Water,Sask Energy,Gas Main Relocation and Alteration in Montgomery Place,23-0248,2023,556679.1,"E, F",,55
Major Projects,Mapillary Inc.,Mapillary Annual Service Fee,19-0319,2019,75000,E1,,56
Transit,Saskatchewan Government Insurance (SGI),2023 Transit Registrations and Insurance,23-0254,2023,421710.1,D,,57
Organizational Strategy Execution,University of Alberta c/o Alberta School of Business,Project Management Training,19-0327,2019,35700,A,,58
Saskatoon Water,AECOM Canada Ltd.,Canadian Infrastructure Benchmarking Initiative Project Fees,23-0259,2023,34680.01,E1,,59
IT,Microsoft Corporation,Microsoft Unified Support,19-0328,2019,88214.4,E1,,60
Saskatoon Water,Sask Energy,Sask Energy Services,23-0272,2023,619049.1,E3,,61
Transit,Payment In Motion Inc.,Reloadable Smart Cards,19-0329,2019,95193.6,E1,,62
Corporate Revenue,N. Harris Computer Corporation,Extended Infrastructure Support and Metersense,23-0277,2023,52495.05,E,,63
C & D/MES,Culebra Sewer & Water Works Corp.,Thawing Frozen Water Connections,19-0331,2019,37781.07,E,,64
Fleet,Donison & Associates Ltd.,Sewer Camera Truck Body,23-0287,2023,467023.5,D,,65
C & D/MES,Nickel Plumbing & Heating Ltd.,Thawing Frozen Water Connections,19-0331,2019,66810.05,E,,66
Transit,Trapeze Software ULC,Sierra Wireless Airlink Renewals,23-0292,2023,49938,D,,67
Fleet,Superior Truck Equipment Inc.,Damage Repair - Unit 1267,19-0338,2019,42180,C,,68
Communications & Public Engagement,Rawlco Radio Ltd.,Radio Commercials,23-0297,2023,34200,E,,69
Fleet,Assetworks LLP,Software Licenses for Fleet Manangement Program,19-0339,2019,41556.93,E,,70
Fire,Cummins Canada Inc.,Saskatoon Fire E5 Engine Rebuild,23-0300,2023,81334.36,E,,71
Fire,Rescue Tools Canada,Vario E Force Combi Tool,19-0348,2019,59714.23,E1,,72
Solicitors Office,Marsh Canada Ltd.,"Property, Boiler and Machinery Insurance",23-0301,2023,1354542,"B, E1, K",,73
IT,Long View Systems Corporation,Website Migration,19-0369,2019,69535.95,A,,74
Human Resources,7 Key Consulting Corp.,SAP HR SuccessFactors - HR Fusion Work,23-0318,2023,72825,E1,,75
IT,Motorola Solutions Canada Inc.,Motorola Radio Support & Upgrade,19-0375,2019,1938303,E,,76
Transit,Trapeze Software ULC,Trapeze Novus ITS System,23-0319,2023,75900,E1,,77
S L & P,Schneider Electric Canada Inc.,ION Meters,19-0379,2019,25601.04,E,,78
IT,Motorola Solutions,Motorola Maintenance Support and Lifecycle Management,23-0336,2023,2853883,E1,,79
Facilities - Project Services,ACME Welding Shop Ltd.,TCU Place Boiler #1 Tube Replacement,19-0400,2019,79531.5,C,,80
Roadways & Support Services,Western Asphalt Products,Supply & Delivery of MC-30 Oil,23-0338,2023,35000,A,,81
IT,Motorola Solutions Canada Inc.,Motorola Parts - Standing Offer,19-0401,2019,50000,E1,,82
IT,Cireson,Cireson Renewal,23-0339,2023,36979.97,D,,83
IT,Motorola Solutions Canada Inc.,Annual Maintenance & Support for NICE Voice Recording System,19-0402,2019,54835,E1,,84
Fire,Cummins Canada Inc.,Saskatoon Fire Dept E13 Engine Rebuild,23-0343,2023,81999.6,E,,85
WWTP,John Brooks Company Ltd.,New Digester Seepex Pump Replacement,19-0404,2019,55408.7,E,,86
Corporate Revenue,N. Harris Computer Corporation,Smart Metering Web Portal Software,23-0345,2023,93913,E,,87
Water & Waste Operations,Spartan Controls Ltd.,Fisher ET Control Valve,19-0417,2019,29540.43,E,,88
IT,Testforce Systems Inc.,Testforce Systems,23-0346,2023,56607,E1,,89
Parks,Nutrien Solutions (Evergro Division),Vectobac,19-0419,2019,64380,E,,90
Transit,Remix Technologies LLC,Remix Technologies,23-0347,2023,135000,E1,,91
WTP,Delco Automation Canada,Filtralite Filter Media,19-0430,2019,65010.31,E,,92
Fleet,Assetworks,Assetworks Renewal,23-0348,2023,54860,"E1, E2",,93
C & D,LaFrentz Road Marking Div of Cdn Road Builders Inc.,Crafco Roadsaver 522,19-0431,2019,27435.87,D,,94
Fleet,Fer-Marc Equipment Ltd.,Fer-Marc Equipment Standing Offer,23-0357,2023,150000,"E1, E2",,95
City Clerk,Western Information Management Inc.,Documentum Upgrade,19-0433,2019,82717.2,D,,96
Technical Services,Donison & Associates Ltd.,CCTV Maintenance & Repair,23-0363,2023,100000,D,,97
Sustainability,Sask Environmental Society,2019 Student Action for a Sustainable Future Program,19-0434,2019,68820,D,,98
Technical Services,Lafrentz Road Marking,Asphalt Crack Sealant,23-0364,2023,30825,E1 & E2,,99
Fire,Xentrax Inc.,Upgrade Nice Recording System,23-0366,2023,44184.8,C,,100
WTP,Air Filter Sales & Service,Dust Control Service Agreement,20-0479,2020,50000,C D,,101
IT,WBM Technologies,Technology Hardward Asset Tagging,20-0486,2020,27750,D,,102
IT,Vemax Management Inc,VEMAX Software Support,20-0511,2020,30881.31,"E1,2",,103
IT,SAP Canada Inc.,SAP Business Objects Software Maintenace,20-0512,2020,29490.82,E1,,104
Facilities,University of Saskatchewan,Saskatoon Field House Landscaping ,20-0522,2020,36772.15,B,,105
WWTP,Johnson Screens Inc.,Raw Water Intake Screen Repair and Replacement,21-0064,2021,77658,E2,,106
WWTP,Johnson Screens Inc.,Raw Water Intake Screen Repair and Replacement,21-0064,2021,181986,E2,,107
Recreation & Community Development,Amanda Klassen,Gordon Howe Campground Manager,21-0085,2021,96000,A,,108
Saskatoon Water,Westburne Electric Supply,Corporate Historian Equipment,21-0087,2021,94242.12,E(3),,109
Fire,Cummins Allison,Rebuild Motor - Fire Engine #22,21-0095,2021,57491.99,C,,110
Sustainability,Saskatchewan Waste Reduction,Deliver 2021 Compost Program,21-0103,2021,34500,J,,111
Technical Services,"Toter c/o Wastequip, LLC",Black and Green Roll Out Carts,21-0114,2021,741926.3,D,,112
Fleet,Sigma Safety Corp,Sign Safety - SPS Car Upfits,21-0124,2021,51566.7,D,,113
IT,Infor Canada Ltd,SmartStream Renewal,21-0126,2021,87680.21,D,,114
Fleet,Joe Johnson Equipment Inc,Trackless Mower Deck ,21-0143,2021,26300,E,,115
Communications,Postmedia Network Inc.,Public Notice Advertising - ACAN,21-0145,2021,125000,E1,Yes,116
City Clerk's,Western Information Management Inc,Documentum Annual Subsciptions,21-0172,2021,36408,"D,F",,117
WTP,A+Air Inc.,WTP Air Compressor Replacement,21-0176,2021,79284,"C, E2",,118
Fleet,Superior Truck Equipment Inc.,Repairs to Unit 1266,21-0189,2021,56934,E,,119
Transit,Labour Ready Inc.,Downtown Bus Terminal Cleaning,21-0190,2021,120000,C,,120
Saskatoon Water,Associated Engineering,Ammonium System Engineering Services,21-0204,2021,39000,C,,121
Recreation & Community Development,Western Fitness Equipment,Fitness Equipment for Shaw ,21-0231,2021,86650,K,,122
S L & P,Richards Manufacturing Co Sales,ETI Test Set,21-0273,2021,29000,D,,123
Saskatoon Water,Sask Energy,SaskEnergy Line Relocations,21-0275,2021,790049,F3,,124
Facilities - Project Services,HBI Office Plus Inc.,Haworth Premise Office Furniture - Standing Offer,21-0276,2021,350000,"D, E",,125
Fleet,Finning Canada ,Caterpillar Parts,21-0292,2021,225225.2,E2,,126
Fusion,Sodales Solutions Inc,Sodales implementation of (SaaS) for EHSEM and LR Extension to SAP,21-0295,2021,317070,E1,,127
S L & P,Survalent Technology,Outage Portal Survalent License,21-0296,2021,31250,D,,128
Technical Services,Lafrentz Road Marking,Roadsaver,21-0301,2021,27000,E1,,129
S L & P,SaskPower,SaskPower S/I 3PH Transformer,21-0306,2021,54000,"D, E3",,130
C & D,Forterra,PCCP Pipe,21-0307,2021,33110,E1,,131
Fire,Everbridge Inc,Mass Notification for Fire EMO,21-0308,2021,43199.09,"D, F2",,132
Fusion,Fokis Services Inc,Consulting Services for Fusion,21-0309,2021,30000,D,,133
C & D,ISN Software Canada Ltd,ISN Annual Renewal,21-0314,2021,45000,"D, E(1)",,134
Sustainability,Saskatchewan Environmental Society,Student Action for Sustainable Future,21-0322,2021,194000,J(2),,135
Fleet,Frontline Truck and Trailer,Freightliner Parts and Service,21-0336,2021,125000,E,,136
IT,CentralSquare,Software Upgrade FDM WIN 6,21-0339,2021,39490,D,,137
S L & P,Hitachi Energy,ABB 15Kv Capacitor Banks,21-0345,2021,271495,E,,138
Roadways & Support Services,Canadian Pacific Railway Company,CP Flagging ,21-0346,2021,58830,E,,139
Technical Services,Garnett Industries Ltd.,Primary Water Main Repairs & Linestop,21-0351,2021,331797,C,,140
WWTP,John Brooks Company Ltd.,Digester Sludge Seepex Pump End Only,21-0360,2021,55966.68,"D, E",,141
Community Services,University of Saskatchewan,U of S Ground Work for Field House,21-0361,2021,29800,,,142
WWTP,Suer & Pollon Mechanical,WWTP Bioreactor Denitrification Pump Mounting Sleeve Replacement,21-0377,2021,35650,C,,143
WWTP,Howden Roots LLC,Blower Inspections,21-0385,2021,40763,F3,,144
Technical Services,SaskPower,SaskPower New Electrical Service Installation at New Fire Station No. 5,21-0395,2021,59882.28,"E3, J1",,145
S L & P,Honeywell ,AMI Metering,21-0413,2021,3000000,,,146
Transportation,Canadian National Rail,Monthly Public Railway Crossing Maintenance ,21-0440,2021,98380,"E3,F3, F5",,147
Transportation,Canadian Pacific Railway Company,Monthly Public Railway Crossing Maintenance ,21-0441,2021,129200,"E3,F3, F5",,148
Transportation,Miovision Technologies Inc,Miovision - Monthly Processing Fees,21-0442,2021,45000,"D, E2",,149
City Clerk's,Open Text Corporation,Documentum License Maintenance,21-0443,2021,250000,F3,,150
Fleet,Viking Cives Ltd.,Direct Liquid Application Components,19-0435,2019,40634.77,E,,151
Human Resources,The Conference Board of Canada,Conference Board of Canada Annual Subscription,21-0445,2021,41755,E1,,152
S L & P,Elster Solutions Canada Inc.,Electricity Meters,19-0443,2019,103278,K,,153
WTP,Xylem Water Solutions,Flygt Submersible Pump,19-0449,2019,30345.19,E,,154
Saskatoon Water,Rockwell Automation Canada Ltd.,Plant PAX Upgrade,19-0454,2019,35331.3,F,,155
Saskatoon Land,SNC-Lavalin Inc. Environment & Geoscience,Environmental Consulting Services - Former Transit Site,19-0465,2019,150405.6,D,,156
IT,Computronix Canada Ltd,Posse Platform Changes - ACAN,19-0468,2019,207600,"D, E",Yes,157
IT,Long View Systems Corp,Adobe Licensing,19-0480,2019,101732,C,,158
Fire,Motorola Solutions Canada Inc.,Motorola Radios,19-0483,2019,45740.38,D,,159
Transit,"Remix Software, Inc.",Remix Software - Planning Software,19-0485,2019,111300,"E, F",,160
S L & P,"Richards Mfg. Company Sales, Inc.",ETI MNPR Relays,19-0489,2019,52947,D,,161
Sustainability,Recollect Systems Inc.,Waste Management Software,19-0493,2019,60747,"D, F",,162
WTP,Layfield Group,Repairs to Chlorine Contact Basin Curtain,19-0514,2019,81404.07,"D, F3",,163
Saskatoon Water,Hach Sales & Service Canada LP,Hach TU5400 Turbidity Meters,19-0528,2019,125250.8,E,,164
S L & P,ABB Inc,Control Boards for MV Vacuum Circuit Breakers,19-0531,2019,103516.4,E,,165
IT,Infor Canada Ltd.,Smartstream Licensing - Infor,19-0536,2019,240563.8,E,,166
IT,Imaginit Canada,Auto CAD Licensing,19-0538,2019,91766.4,"C, D",,167
Organizational Strategy Execution,OVG Faciliites,Site Review Advisory Services,19-0546,2019,38850,H(4),,168
Facilities,Suncorp Valuations Ltd.,Suncorp Building Valuations,19-0547,2019,55222.5,C,,169
IT,Epicor Software Canada Ltd.,Epicor License Renewal,19-0555,2019,148956.2,D,,170
Saskatoon Water,ABS Excavating Ltd.,Emergency Sludge Transfer Pipe Repair,19-0560,2019,80542.2,C,,171
Water & Waste Operations,Geoware Inc.,2020 Geoware Support Renewal,19-0567,2019,41847,D,,172
IT,Vemax Management Inc.,Vemax Software Support,19-0572,2019,30881.31,E,,173
Major Projects & Preservation,AECOM Canada Ltd.,National Transportation Benchmarking Initiative,19-0573,2019,83250,E,,174
Transportation,Electromega Ltd.,TransSuite Maintenance,19-0575,2019,46351.38,D,,175
Fleet,Redhead Equipment,Repairs - Unit 2611,19-0576,2019,46828.16,E1,,176
Fire,Cummins Sales & Service,Rebuild Motor on Engine 8,19-0577,2019,31889.53,E2,,177
Corporate Finance (for Fusion),Pricewaterhouse Coopers LLP,Application Managed Services (AMS) for PWC,19-0578,2019,667500,,,178
Transit,"The Aftermarket Parts Co, LLC DBA NFI Parts C/O T01416C",New Flyer Bus Parts,20-0083,2020,800000,E ,,179
Transit,"Prevost, A Division of Volvo Group Canada Inc.",Prevost/Nova Bus Parts,20-0084,2020,800000,E,,180
IT,Computronix (Canada) Ltd.,POSSE Annual Support 2020,20-0086,2020,42073.27,"D,E,F",,181
IT,SAP Canada Inc.,SAP Enterprise Support - Business Objects,20-0087,2020,29051.25,"D,E,F",,182
Transit,Trapeze Software ULC,TransitMaster Software Maintenance,20-0089,2020,1366327,D,,183
IT,"Digital Designs, Inc.",ePayStubs and DocAgent Hosting & Licensing,20-0090,2020,39446,"D,E,F,",,184
Sustainability,Saskatchewan Waste Reduction Council,2020 Compost Coach Coordination,20-0093,2020,38295,J2,,185
S L & P,Orrocal Enterprises Inc,Landfill Gas Generator Maintenance,20-0095,2020,1350000,A,,186
Saskatoon Water,Power & Mine Supply Co Ltd,Flowserve Mechanical Seals,20-0098,2020,29674.47,E,,187
Water & Waste Operations,Con-Wal Inc. dba Southwestern Sales Company,Tarp Deployment System,20-0114,2020,55875.6,D,,188
S L & P,Conly Compression,Landfill Gas Generator Critical Maintenance Work,20-0131,2020,43098.78,"A,E1,F3",,189
Transit,Trapeze Software ULC,Trapeze INFO-SMS Software,20-0132,2020,74598.66,D,,190
Technical Services,Shugarman Architecture & Design Inc.,Advisory Services - Pre-Feasibility & Physical Fit Assessment,20-0136,2020,55000,H4,,191
Transit,Trapeze Software ULC,Trapeze - ViewPoint Subscription Fees,20-0137,2020,192746,F,,192
Fleet,Assetworks,AssetWorks FleetFocus M5 Software Renewal,20-0143,2020,49055.9,E1,,193
IT,"Receiver General for Canada - Innovation, Science & Economic Dev.",Radio Frequency Licensing,20-0179,2020,360000,E3,,194
Sustainability,Partners for the Sask River Basin,Yellow Fish Road Program,20-0184,2020,104500,J2,,195
Parks,Schwinghamer's Tree Service Ltd.,Landscaping Repairs to Kinsmen Park,21-0446,2021,37200,C,,196
S L & P,Elster Metering,Electricity Meters,20-0189,2020,128105.8,E,,197
Facilities - Project Services,Richelieu Building Specialties,Panel Covers for Partition Walls at TCU Place,20-0193,2020,54279,D,,198
Fleet,Wachs Canada,Valve Turners & Controllers,20-0198,2020,70889.48,"D,E,",,199
C & D,ThinkReliability,Cause Mapping Workshop,20-0202,2020,28990,"D, E ",,200
WTP,John Brooks Company Ltd,Sand Separator Units - ACAN,20-0208,2020,613505.9,D a),Yes,201
Purchasing,The City of Regina,KN95 Respirator Masks,20-0211,2020,300000,C,,202
Technical Services,Lafrentz Road Marking,Supply of Asphalt Crack Sealant - Roadsaver,22-0323,2022,37762.2,E1,,203
Community Services,Globe BMX Raceway Inc,Lakewood BMX Bike Upgrades,22-0332,2022,255000,"E1, F1",,204
Technical Services,InfoSense Inc.,NS SL-RAT and Training ,22-0357,2022,35471,E2,,205
Human Resources,SJ SAP Consulting Inc,SAP Consulting Services - Payroll Support,22-0372,2022,105248,C,,206
Transit,Payment in Motion Inc.,Scanners for PIM Transit Cards,22-0373,2022,413000,E2,,207
Transportation,Nova Pole International,Steel Traffic Poles,22-0376,2022,157231,C,,208
C & D,ISN Software Canada Ltd.,ISN Annual Renewal,22-0390,2022,45000,E,,209
Sustainability,MyHeat Inc.,MyHeat Solar Map Web App,22-0406,2022,122000,D,,210
Transportation,Payment in Motion Inc.,Mobile Tablets,22-0416,2022,99300,E,,211
S L & P,GE Multilin,Feeder Protection Relays,22-0420,2022,51339.9,"D, E3",,212
Fire,Rocky Mountain Phoenix,SCBA Washer,22-0429,2022,52333,E,,213
Fire,Everbridge Inc.,Mass Notification System,22-0433,2022,43199.09,D ,,214
Sustainability,ReCollect Systems Inc.,Routerware - Recollect,22-0435,2022,71528.77,E2,,215
IT,Vermont Systems Inc.,RecTrac Support,22-0448,2022,25398.03,"E1, F3",,216
Municipal Engineering,Pacific Flow Control Ltd.,"12"" Mueller Valve Insert",22-0452,2022,37357.45,"C, E1",,217
C & D,SCS Contracting Ltd.,CN Millar Avenue Crossing Upgrade,22-0466,2022,89545,"C, E1",,218
Parks,Superior Sweeping Services Inc. o/a Precision Asphalt,New Pathway and Pave Roadway into Satellite Yard,22-0469,2022,78487.02,C,,219
Facilities Management,J. L. Richards & Associated Ltd.,Consulting Services for Solar PV Study,22-0481,2022,43394,D,,220
Roadways & Support Services,Redhead Equipment,Emergency Purchase of Grader Blades - Redhead Ohio,22-0484,2022,71630.37,C,,221
Roadways & Support Services,Triod Supply Ltd.,Emergency Purchase of Grader Blades - Triod,22-0486,2022,59300,C,,222
Fleet,Fer-Marc Equipment Ltd.,SNO RID Hydraulic Scraping Attachment,22-0488,2022,28000,D,,223
Organization Strategy Execution,Mitacs Inc.,Systemic Barriers Project,22-0489,2022,75000,"E, G, H, I",,224
Fire,CentralSquare Technologies,CAD Workstation Annual Maintenance 2023,22-0492,2022,56031.01,"C, F3",,225
S L & P,Tazmech Ltd.,Landfill Generator Bare Head Core Refurbishment,22-0498,2022,49061.12,E1,,226
Recreation & Community Development,Wright Construction,Gordon Howe Sports Complex Upgrades Summary,22-0509,2022,4807275,D,,227
Saskatoon Water,Meewasin Valley Authority,Bandstand Lift Station Decommissioning,22-0512,2022,89646.38,J2,,228
Transit,Trapeze Software ULC,Trapeze Viewpoint Subscription Renewal,22-0513,2022,250000,F3,,229
Transit,Payment in Motion Inc.,PIM Fareboxes,22-0515,2022,30750,D,,230
Finance,Pricewaterhousecoopers LLP,PWC Consulting BPC Project,22-0518,2022,145394.8,"D, G1",,231
City Clerk's,Western Information Management Inc.,Software Licensing/Maintenance for WISPIR and WesternIM,22-0524,2022,37560.1,F3,,232
Transit,Assetworks,AssetWorks Licensing and Support for Fleet Maintenance,22-0526,2022,49093.38,E2,,233
IT,Shaw Business Solutions,SIP Trunk Services,22-0528,2022,50000,D,,234
Water & Waste Operations,Geoware Inc.,Geoware Software Renewal for 2023,22-0531,2022,38375,D,,235
Communications,Sprout Social Inc.,Sprout Social Software,22-0532,2022,29531.78,A,,236
Transportation,Electromega Ltd.,TransSuite Software Annual Maintenance ,22-0536,2022,46529,"D, F3",,237
Technical Services,Sask Energy,RTF Natural Gas Service,22-0538,2022,71955.05,"E3, J1",,238
IT,Lenovo Canada Inc.,Data Centre Hardware Warranty,22-0540,2022,31504.07,"E1, E2",,239
Fleet,Falcon Equipment,Snow Blower,23-0094,2023,203000,C,,240
Fleet,Falcon Equipment,Henderson PWS 100G Pre-Wetting System,23-0095,2023,28500,E,,241
Transit,Cutric,Consulting Services - Zero Emissions Fleet,23-0097,2023,93257.76,E1,,242
Transportation,Canadian Pacific Railway,Monthly CP Rail Public Crossing Maintenance,23-0103,2023,77525,"E3, F3, F5",,243
S L & P,Finning Canada,Landfill Gas Facility Critical Spare Parts,23-0105,2023,47619.29,E1,,244
Fleet,Altec Industries Ltd.,Repairs to Unit 1310,23-0109,2023,35913.44,E1,,245
Corporate Revenue,Selectron Technologies,Renewal for IVR System,23-0120,2023,37410,E1,,246
Saskatoon Water,WesTech Engineering Inc.,Westech Dual Cage Drive and Technical Support,23-0134,2023,362514,E,,247
Fleet,Finning Canada,Engine Replacement for 2150 Wheel Loader,23-0138,2023,116059,E,,248
Solicitors Office,Marsh Canada Ltd.,Insurance Premiums for 2023,23-0141,2023,1079739,"B, E1, K",,249
S L & P,Esri Canada Ltd.,ArcFM License Renewal,23-0142,2023,34208.64,E1,,250
Technical Services,D & R Towing,Additional Towing Services for 2023 Residential Snow Removal - D & R Towing,23-0143,2023,38620,"C, F4, G3",,251
Technical Services,Auto Rescue Towing,Additional Towing Services for 2023 Residential Snow Removal - Auto Rescue,23-0145,2023,34035,"C, F4, G3",,252
Sustainability,Saskatchewan Waste Reduction Council,2022-2024 Compost Coach Coordination,21-0447,2021,105450,J,,253
Saskatoon Water,Min-Chem Canada Inc.,Sodium Silicofluoride,23-0367,2023,63810,C,,254
C & D,ISN Software Canada Ltd.,ISN Annual Renewal,23-0374,2023,57950,D,,255
Transit,EQUANS Services Inc.,Overhead Door Replacement,23-0375,2023,56038.51,G,,256
Solicitors Office,Marsh Canada Ltd.,Insurance Premiums   ,23-0376,2023,112416,K,,257
Recreation & Community Development,Intriquip Instruments Inc.,Dog Kennels,23-0380,2023,58040,C,,258
Technical Services,Aim Electric Ltd.,Supply and Install of RTC 900 AMP Switch,23-0386,2023,32570,A & C,,259
Saskatoon Water,SaskTel,SaskTel Utility Alterations for CN Industrial Drainage Improvements,23-0390,2023,55016,E3,,260
Technical Services,ATS Traffic Ltd.,Circle Drive Guardrail Repairs,23-0393,2023,28387.51,E1,,261
Sustainability,RSI Projects,Deep Energy Retrofits Feasibility Study,23-0399,2023,30000,E1 & H1,,262
Water & Waste Operations,Qed Environmental Systems,Landfill Gas Wellhead Supplies,23-0402,2023,32405,D,,263
Saskatoon Water,Rogers Wireless (Shaw Cablesystem GP),Shaw (Rogers) CN Industrial,23-0404,2023,70966.8,E3,,264
Transportation,Canadian Pacific Railway,Backlights at Hwy 1 Crossing,23-0406,2023,71210,E,,265
Human Resources,Shadow Light Consulting Inc.,Situational Leadership,23-0408,2023,75000,"E1, E2",,266
Water & Waste Operations,3Twenty Modular,Removal and Replacement of Sanitary Manhole,23-0413,2023,31714.34,C,,267
Fire,Rocky Mountain Phoenix,G1 Harness G1FS SCBA,23-0414,2023,93500,E2,,268
Saskatoon Water,University of Saskatchewan College of Engineering,Storm Wet Pond Sediment Research Project,23-0424,2023,240000,H,,269
Fire,Everbridge Inc.,Mass Notification ,23-0425,2023,43199.09,D(a&b),,270
IT,Imaginit Canada,AutoDesk License Renewal,23-0430,2023,365065.5,E1,,271
Fire,"Mid-West Sportswear, Workwear and Safety Ltd.",Clothing - Saskatoon Fire,23-0435,2023,33144,C,,272
Fusion,Workforce Software Inc.,Workforce Software AMS Support,23-0438,2023,135000,E1,,273
Transit,Polar Refrigeration Service Ltd.,Transit Bus Refrigeration Service,23-0439,2023,82896.68,C,,274
Fire,Cummins Canada ULC - Cummins Sales and Service,Fire Engine Rebuild,23-0444,2023,30726.53,"C, D, E1",,275
Saskatoon Water,Sask Energy,SaskEnergy CN Industrial Drainage Improvements,23-0447,2023,470131.4,E3,,276
Transit,Westvac Industrial Ltd.,Access Vehicle Lift Repairs and Move,23-0454,2023,58340.62,E,,277
Planning & Development,Community-University Institute for Social Research,Housing Needs Assessment Research Project,23-0458,2023,68050,J1,,278
IT,Microsoft Licensing GP,Extended Security Updates for SQL,23-0462,2023,41817.9,F3,,279
Fleet,Fer-Marc Equipment Ltd.,Two (2) Sno-Rid Attachments for Motor Graders,23-0463,2023,32700,D(a),,280
S L & P,ASL Paving Ltd.,Alley Remediation,23-0480,2023,64520.33,C,,281
City Clerk's,Open Text Corporation,Documentum Annual Software Maintenance ,23-0482,2023,166299.9,C,,282
Technical Services,Williams Scotsman of Canada Inc.,West Compost Depot Mobile Office Trailer Rental,23-0483,2023,26000,"D, E1",,283
Fleet,Redhead Equipment,Redhead Parts and Service,23-0485,2023,175000,E2,,284
Facilities Management,Johnson Controls,Metasys User Interface and Server Upgrade,23-0501,2023,43545,"D, E",,285
Technical Services,Canadian National Rail,CN Crossing Signal and Surface Rehabilitation,23-0502,2023,62422,"E3, F3,",,286
Fleet,Brandt Tractor Ltd. (Peter),Peterbilt Parts and Service,23-0504,2023,150000,"D, E",,287
Fire,Commercial Truck Equipment Co.,Aerial Apparatus Service and Repairs,23-0505,2023,30118.12,"C, E1, F3",,288
Transportation,Electromega Ltd.,TransSuite Maintenance Agreement 23/24,23-0512,2023,48060,"D, E",,289
IT,Vermont Systems Inc.,RecTrac Annual Support Contract 2023/24,23-0513,2023,27329.46,"D, E",,290
Fire,Cummins Canada Inc.,In-Frame Engine Rebuild,23-0514,2023,57231.39,K,,291
Major Projects,ATCO Structures and Logistics Ltd.,City Yards Mobile Office Trailer,23-0526,2023,54995,"D, B",,292
Facilities Management,Johnson Controls,RMAG Building Management System Service Agreement,23-0527,2023,84742,"D, E",,293
Water & Waste Operations,Loraas Disposal North Ltd.,Loraas Organics Facility,23-0528,2023,5480000,C,,294
Saskatoon Water,National Process Equipment,Grit Pump Supply,23-0529,2023,82040,E,,295
Fleet,John Deere Financial,John Deere Over Usage of Graders,23-0530,2023,180370,D,,296
WWTP,John Brooks Company Ltd.,Seepex Pump with Gearbox and Motor,23-0531,2023,77048.78,E,,297
WWTP,John Brooks Company Ltd.,Digester Seepex Sludge Pump End Only,23-0538,2023,78248.12,"E, F",,298
Corporate Revenue,"Elster Solutions Canada, Inc.",Honeywell Software Maintenance,23-0540,2023,112568,"D, E",,299
Community Standards,Calgary Parking Authority,Impound Lot Management Software Annual Fees,23-0541,2023,32656.51,"D, E",,300
Corporate Finance,Oracle Canada ULC,Oracle Licensing 2024-2025,23-0542,2023,37746.57,"D, G",,301
Water & Waste Operations,Rocky Mountain Equipment,Wishik 842-N Repair,23-0543,2023,29000,D,,302
IT,SaskTel,Fibre Optic Construction and Consultancy Service for NG911 Dispatch Center,23-0544,2023,63520,J1,,303
S L & P,Anixter Power Solutions,Padmount and Overhead Transformers,22-0064,2022,105329,C,,304
Transit,Payment in Motion Inc.,Transit Cash Fare Boxes,22-0072,2022,179700,D,,305
Transportation,Canadian Pacific Railway,Rail Crossing Warning System Upgrades,22-0077,2022,121412,"E, K",,306
Transportation,Canadian Pacific Railway,Additional Backlight for the Rail Warning System,22-0078,2022,45075,E,,307
Water & Waste Operations,Geoware Inc.,Weigh-Scale Software Annual Licenses and Maintenance,22-0079,2022,37700,D,,308
WTP,Westech Engineering Ltd.,Replacement Parts for Clarifier 4,22-0081,2022,34551,D,,309
Human Resources,The Center for Leadership Studies,Situational Leadership Coaching,22-0083,2022,70000,E,,310
Community Standards,Precise Parklink Inc,Replacement Parts for Flex Pay Stations,22-0084,2022,56311.92,"E1, F3",,311
Transit,SGI Canada,License Plate and Registration Renewals for Transit Fleet,22-0087,2022,432705.9,E3,,312
Community Standards,Calgary Parking Authority,ILOT Software Service Agreement,22-0096,2022,60000,E2,,313
City Clerk's,Western Information Management Inc.,Documentum WISPIR/WCO Integration Products,22-0098,2022,37560,E2,,314
City Soliticor's,March Canada Ltd.,Insurance Premiums for the City's 9 Policies,22-0099,2022,1019947,B,,315
Planning & Development,The Art Gallery of Saskatchewan,Remai Modern Atrium Space Agreement with River Landing,22-0105,2022,440000,B,,316
Technical Services,Canadian Pacific Railway,20th Street Crossing Rehabilitation,22-0112,2022,92701.26,"E3, F3, F5",,317
City Soliticor's,Marsh Canada Ltd.,Insurance Premium for the City's Cyber Liability Policy,22-0117,2022,89468,B,,318
Community Standards - Parking,Tannery Creek Systems Inc.,Tannery Creek - Maintenance Agreement Approval,22-0137,2022,81630,E1,,319
Finance,RBC Investor Services Trust,Investment Custody Services RBC,22-0140,2022,39600,"D, G1",,320
Solicitors Office,Marsh Canada Ltd.,Property and Machinery Insurance (Marsh Canada),22-0141,2022,41993,"B, E1",,321
Faciltiies - Project Services,AgileWalls Inc.,Architectural Walls Install - City Hall,22-0145,2022,27607.95,"D, F3",,322
Saskatoon Water,Ram Steel Ltd.,WTP Roof Hatch Install,22-0157,2022,77017.35,,,323
Forestry Farm Park & Zoo,Saskatoon Zoo Society,Saskatoon Zoo Services,22-0168,2022,167300,J2,,324
Community Standards / Police,Astro Towing (1988) Ltd,Towing Services for Parking and Police Services,22-0181,2022,750000,"Da, E1",,325
Community Standards,Precise Parklink Inc,Replacement Parts for Flex Pay Stations,22-0190,2022,95600,E1,,326
Transit,Masabi LLC,Smart Cards - Transit Mobile Ticketing,22-0200,2022,65000,"D, E2",,327
S L & P,Esri Canada Ltd.,ArcFM and Conduit Manager Licenses,22-0201,2022,45900,"D, E1",,328
Facilities Management,PWA Engineering Ltd.,PWA Arena Electrical Change Order,22-0206,2022,59263.33,,,329
C & D,American National Standards Institute,ANSI Three-Year Subscription,22-0218,2022,97500,"E1, J2",,330
WTP,GMR Electric Motors Ltd.,Transfer Pump #7 Motor Repair,22-0220,2022,27998.52,E,,331
S L & P,ABB Electrification Canada,Moulded Vacuum Interrupters,22-0221,2022,1061640,D,,332
Communications,Rawlco Radio Ltd.,Radio Commercials - Daily Road Report,22-0228,2022,33300,E1,,333
Transportation,Nova Pole International,Various Traffic Poles and Accessories,22-0243,2022,161175,C,,334
Corporate Revenue,N. Harris Computer Corporation,Smart Metering Web Portal Software,22-0251,2022,93913,"D, E",,335
Saskatoon Water,University of Saskatchewan,Outfall Catchment Bags,22-0267,2022,35000,"E, H",,336
Fire,Cummins Canada UlC,Engine Rebuild,22-0270,2022,82982.34,"C, D, E",,337
Technical Services,Shugarman Architecture & Design Inc,Downtown Renderings,22-0272,2022,46400,H4,,338
Facilities Management,Nederman Canada Ltd.,Nederman Transmitters and Receivers,22-0273,2022,34941.4,"D, E, F",,339
Fire,CentralSquare Technologies,CAD Workstation Annual Maintenance,22-0274,2022,53362.88,"C, F",,340
Fire,Aqua-Lung Canada Ltd.,Underwater Communication Devices,22-0277,2022,33927,"D, E,",,341
Water & Waste Operations,Seventy-Seven Signs Ltd.,Interpretive Signs,22-0278,2022,30164.04,E2,,342
Community Services,Saskatoon SPCA,SPCS Pound Services 2022,22-0284,2022,470712.5,"E, F, J",,343
Corporate Revenue,Metercor,Metercor Software/Hardware Maintenance ,22-0286,2022,61203,E1,,344
Fleet,Wachs Canada Ltd.,TM7 Valve Turner,22-0296,2022,36178.1,E,,345
S L & P,Powell Canada Inc.,Powell Manually-Operated Ground and Test Device,22-0301,2022,29363,E,,346
Faciltiies - Project Services,Nutrien Wonderhub,Consulting Services - Nutrien Wonderhub,22-0309,2022,142214,D,,347
Saskatoon Water,Kontzamanis Graumann Smith MacMillan Inc.,Consulting Services - Refurbishment of WWTP Boiler-room,22-0315A,2022,155018,A,,348
Recreation & Community Development,Saskatoon Animal Control Agency,Animal Control Services,22-0319,2022,835912.2,E,,349
Parks,Watermaster Irrigation Services Ltd.,Watermaster,22-0321,2022,93119,C,,350
Facilities - Project Services,14 North Construction Ltd,TCU Place - Floor Painting,20-0218,2020,45787.64,C,,351
Purchasing,Benchmark Site Services Inc.,Protective Ear Loop Masks,20-0220,2020,36630,C,,352
Purchasing,SPI Health and Safety Inc,Protective Ear Loop Masks,20-0220,2020,48840,C,,353
Purchasing,MWG Apparel Corp,Protective Ear Loop Masks,20-0220,2020,60000,C,,354
Transit,Trapeze Software Group Inc.,Trapeze Software - OPS Pay Rules Configuration,20-0221,2020,34715.25,D,,355
Saskatoon Water,Industrial Software Solutions ULC,Avantis Pro Maintenance & Support,20-0225,2020,39370.16,D,,356
Purchasing,Union Proud Canada,Hand Sanitizer Packets,20-0230,2020,39072,C,,357
S L & P,Anixer Power Solutions,Fuse Sectionalizing Cabinet,20-0233,2020,28098.54,C,,358
Technical Services,Joe Johnson Equipment Inc,Sewer Cleaning Equipment - ACAN,20-0239,2020,48798.7,E3,Yes,359
Saskatoon Water,Westburne Electric Supply (Midwest) Div of Rexel Canada Electrical,Standing Offer - Rockwell Products,20-0249,2020,1387500,E,,360
S L & P,CYME Power Engineering Software,CYME Modules Licenses,20-0250,2020,45600,E1,,361
IT,IBM Canada Ltd.,IBM Support Contract,20-0259,2020,55798.87,"E, F ",,362
IT,Microsoft Canada Inc.,Microsoft Unified Support Contract Renewal,20-0261,2020,108996.5,E1,,363
Building Standards,Imaginit Technologies ,BIM 360 Licenses,20-0267,2020,47374.93,C,,364
IT,Motorola Solutions Canada Inc.,NICE Voice Recording License & Support,20-0268,2020,59218.5,"D, E",,365
Facilities,Brunners Construction Ltd,Replace Valve on Main Drain Line at George Ward Pool,20-0279,2020,42229.95,D,,366
Transit,Trapeze Software ULC,Trapeze Suite of Products Enterprise Assessment,20-0285,2020,161047.7,D,,367
Saskatoon Water,MPE Engineering Ltd,WWTP Primary Scum System Refurbishment,20-0299,2020,34597.17,A,,368
Fire,Commercial Truck Equipment Co,Repairs to Fire Truck,20-0304,2020,28939.34,E3,,369
City Clerk's,Open Text Corporation,Documentum Licenses,20-0310,2020,83248.89,"D, E2, F3",,370
IT,Cireson,Cireson Support & Maintenance,20-0318,2020,34981.06,"D, E",,371
S L & P,Shermco Industries Canada Inc,Degasification of Transformer at Ave C Substation,20-0321,2020,28102.31,C,,372
IT,Motorola Solutions Canada Inc.,Motorola Radio Parts,20-0326,2020,150000,E,,373
Fleet,Merlin Ford Lincoln,2020 Ford Transit 350 Cargo Van,20-0327,2020,53839.56,"C, D",,374
Fire,Rescue Tools Canada,Force Spreader Rescue Tool,20-0328,2020,29857.12,E,,375
Transit,Saskatchewan Research Council,E-Bus Data Logging,20-0331,2020,60579.36,E1,,376
Facilities,GFL Environmental Inc,Firing Range Bullet Trap Cleaning,20-0335,2020,31165.18,E,,377
Sustainability,Sask Environmental Society,2020-2021 Student Action for a Sustainable Future Program,20-0357,2020,69000,J2,,378
IT,Info-Tech Research Group,Corporate Data Goverance Strategy Engagement,20-0371,2020,102675,D,,379
Transit,Cummins Canada ULC,Cummins Engine Repair Parts & Service,20-0375,2020,750000,E,,380
Technical Services,Donison & Associates Ltd,Orpheus 2.0 Camera,20-0392,2020,26925,"D,E",,381
Fusion,SAP Canada Inc.,SAP Enable Now Deployment Services,20-0397,2020,55500,"D, A",,382
Fire,Trans-Care Rescue,Paratech Shoring Equipment,20-0399,2020,44038.74,E,,383
Fleet,Redhead Equipment,Redhead Repair Parts & Service,20-0401,2020,100000,E2,,384
Fleet,Superior Truck Equipment Inc,Repairs to Automated Side Loader,20-0404,2020,101506.4,"D,E",,385
Communications & Public Engagement,Saskatoon StarPhoenix / Postmedia,Leisure Guide,20-0413,2020,300000,A,,386
Saskatoon Water,John Brooks Company Ltd,Waste Fermented Sludge Pumps,20-0415,2020,145607.6,E1,,387
IT,Motorola Solutions Canada Inc.,NICE Voice Recorder Upgrade,20-0416,2020,93974.82,E1,,388
Saskatoon Water,GFL Environmental Inc,Specialized Environmental Cleaning Services,20-0417,2020,67000,C,,389
Fleet,Frontline Truck & Trailer,Repair Parts & Service for Freightliner Trucks,20-0419,2020,100000,"D,E ",,390
Saskatoon Water,Atlantic Design Inc,Mobile Lime Dust Collection System Lease,20-0420,2020,56837,C,,391
Fire,Motorola Solutions Canada Inc.,Enable Dual Band Operation of Radios & VHF Antenna,20-0424,2020,40031.04,E1,,392
WWTP,Tundra Process Solutions Ltd.,Digester Building & North 40 Gas Detection Equipment,20-0425,2020,50416.2,E1,,393
S L & P,Dirty Devil Hydrovac Services,Hydrovac Services for S L & P for June & July,20-0429,2020,91546.97,,,394
Fleet,Brandt Tractor Ltd,John Deere Heavy Equipment Parts & Service,20-0436,2020,225000,E,,395
Transportation,ATS Traffic - Saskatchewan Ltd.,Arrow & Message Boards,20-0438,2020,205000,E,,396
Transit,Trapeze Software ULC,Trapeze OPS Web Employee Bidding & Employee Information Modules,20-0439,2020,88637.94,E1,,397
Fire,Cummins Sales and Service,Cummins Engine Rebuild,20-0461,2020,61735.03,E1,,398
Saskatoon Water,Xylem Canada Company,Primary Effluent Pump Station - 6th Pump,20-0476,2020,270606.7,E(1)(3),,399
Technical Services,Acadia Construction ,43rd Street Deep Sewer Repair,20-0478,2020,45526.5,C,,400
Facilities Management,Suer & Pollong Mechanical Partnership,Heat Exchanger Repair,24-0529,2024,35160,C,,401
Saskatoon Water,Veolia Water Technologies Teatment Solutions,Components for the UV Disinfection System,24-0537,2024,118764.9,E,,402
Transportation,Electromega Ltd.,TransSuite Annual Maintenance Agreement,24-0541,2024,49988,D,,403
Human Resources,NACTATR O/A CTIP,Trauma Informed Practices,24-0546,2024,28979.63,"D, E",,404
Saskatoon Water,Water Research Foundation,WRF Subscription / Membership,24-0547,2024,36806,"E, F",,405
S L & P,SaskPower,Padount Transformers from SaskPower,24-0548,2024,28888,C,,406
Facilities Management,SMG Operating Ltd.,Snow Clearing,24-0552,2024,140910,C,,407
Transit,Modaxo Inc.,Trapeze Payroll Configuration,24-0555,2024,74844,"D, E",,408
Clerks,Open Text Corporation,Renewal for Documentum Maintenance,24-0556,2024,178772.5,F3,,409
Revenue,Elster Solutions Canada Inc.,Honeywell Connexo NetSense SMA Support,24-0557,2024,127735.5,E,,410
Fleet,Premium Portable Washroom,Washroom Trailer Rental Purchase,24-0558,2024,40000,D,,411
Water & Waste Operations,12223155 Canada Inc. (o/a Regen Replica Systems),Disposal of HDPE Waste Carts,24-0559,2024,21840,E1,,412
Community Standards,Tannery Creek Systems Inc.,AutoChalk Licensing Renewals,25-0229,2025,225376.7,D,,413
Saskatoon Light & Power ,Elster Solutions Canada Inc.,"Supply of Smart Electricity Meters, Communication Modules, Advanced Metering Infrastructure Network Devices and Ongoing Support ",25-0135,2025,6120000,D,,414
Recreation and Community Development,Gordie How Sports Complex Management Inc.,CD Speed Skating Oval Operations,25-0077,2025,103000,K,,415
Saskatoon Water,Canadian Water Network Inc.,CWN Leadership Participation Fee,25-0078,2025,25000,"E, F",,416
Transit,Payment in Motion,Farebox Assemblies and Assiciated Hardware,25-0098,2025,82840,E1,,417
Corporate Revenue,N. Harris Computer Corporation,Extended Infrastructure Support for Metersense,25-0100,2025,57875.79,E1,,418
City Internal Auditors's Office,MNP LLP,Whistle Blower Hotline Services,25-0105,2025,25000,"D,a",,419
Transit,Masabi LLC,Masabi Electronic Validation,25-0101,2025,77890,D ,,420
Solicitors Office,Marsh Canada Ltd.,Insurance Premiums 2025,25-0107,2025,1112282,G1,,421
Fleet,Sigma Safety Corp,Police Upfits for 10 Units,25-0117,2025,75605.1,C & D,,422
Sustainability,Honey Cut Studios,Splash and Wattie Animated Videos,25-0118,2025,35000,D,,423
Saskatoon Water,Carahsoft Technology Corp,OpenFlows Water Ultimate Migration 2 SELECT Subscription,25-0120,2025,38379.12,E,,424
Saskatoon Land,Marsh Canada Ltd.,Insurance Costs 2024 - 2025 Saskatoon Land,25-0123,2025,58413,G1,,425
Saskatoon Water,Geoware Inc.,Geoware Maintenance & Support,25-0132,2025,57725,"D,a,b",,426
Fire,STC Urban First Nations Services,Staffing and Supplies for CUMFI Washroom,25-0137,2025,338804.5,G,,427
Community Standards,Calgary Parking Authority,iLot Software,25-0150,2025,37589.92,E1,,428
Fire,Medteq Solutions Ca Ltd.,VectorSolutions Rostering Module,25-0156,2025,35931.4,D,,429
City Clerks,Gates Law,Integrity Commissioner Services,25-0165,2025,50000,G4,,430
City Clerks,Escribe Software Ltd.,Escribe Annual Software,25-0145,2025,61673,"D,a",,431
Roadways & Support Services,Assetworks,M5 License Renewal,25-0146,2025,74967.51,"D,a",,432
Facilities Management ,Prairie Controls Ltd.,Non-Standard for Prairie Controls,25-0167,2025,47800,E3,,433
Saskatoon Water,AECOM Canada Ltd.,CIBI Fees,25-0169,2025,61800,E1,,434
Digital Technology ,Vadis Consulting Group,CIBI Fees,25-0170,2025,50400,"D,a",,435
Digital Technology ,Payment in Motion Inc.,PIM Software Maintenance,25-0175,2025,87300,E2,,436
S L & P,Esri Canada,ArcFM Licences,25-0172,2025,39110,E1,,437
Digital Technology ,IBM Canada Ltd.,Tape Drives,25-0177,2025,33605.78,E2,,438
Saskatoon Water,Siemens Canada Ltd.,1964 Backwash Pump VFD Cap Rep & Service,25-0187,2025,27664.71,D/E,,439
Roadways & Support Services,Nordic Industries,Preventative Maintenance Servicing,25-0191,2025,25000,C,,440
C & D,Canadian National Rail Non-Freight Management,Canadian Railway Data Processing and Monthly Maintenance,25-0185,2025,693700,E,,441
Saskatoon Water,BGE Indoor Air Quality Solutions Ltd,Purafilter Chlorine Scrubber,25-0206,2025,199385.3,E1,,442
Transportation,Atco Structures & Logistics Ltd,Trailer Rentals,25-0207,2025,27300,D,,443
Finance,RBC Investors Services Trust,Investment Custody Services,25-0179,2025,49999.92,G1,,444
Recreation and Community Development,PlanetAir Turf Products LLC,Supply of Turf Aeration Machine,25-0213,2025,30000,"E2,3",,445
Saskatoon Water,Thurston Machine Inc.,Residual Fines Disposal System Rental,25-0228,2025,291427,E,,446
Recreation and Community Development,F3 Recreation,Contract Manager- Gordon Howe Campground,25-0140,2025,168992,A,,447
City Clerks,Western Information Management Inc.,Software Renewals,25-0238,2025,39180,F,,448
Digital Technology ,"Global, LLC",Articulate 360 Teams,25-0243,2025,31479,D,,449
Human Resources,The Conference Board of Canada,Subscription to Conference Board of Canada,25-0240,2025,28880,D / K / J,,450
Saskatoon Water,Ayyeka Inc.,Water and Sewer Data Collection,25-0089,2025,61160,E,,451
Human Resources,TCU Place,TCU Place - Venue Rental,25-0254,2025,47154.77,J1,,452
Sustainability,Waterplay Solutions Corp,Nozzles,25-0257,2025,37170.84,E,,453
Technical Services,Canadian Pacific Railway,CPR Ave I Rail Crossing,25-0250,2025,162673,E3,,454
C & D,Canadian Pacific Railway,CPKC ROW Access Applications,25-0262,2025,26390,F5,,455
Fleet,Cowan Graphics Inc.,Graphics for Saskatoon Police Service Vehicles,25-0266,2025,160000,E1,,456
Fire,Rocky Mountain Phoenix,(SCBA) Self Contained Breathing Apparatus,25-0267,2025,25500,H2,,457
Human Resources,Saskatchewan Safety Council,52nd Saskatchewan Safety Seminar,25-0264,2025,40590,"D, J",,458
Corporate Revenue,Selectron Technologies,PremierPro Support Services for IVR System,23-0545,2023,36525,"D, E",,459
Transit,Transit.,Transit Royale App,24-0294,2024,166860,D,,460
Fleet,Brandt Tractor Ltd. (Peterbilt),Peterbilt Parts and Service,25-0121A,2025,150000,E,,461
Saskatoon Water,"Elster Solutions Canada, Inc.",AMI Water Modules,23-0546,2023,641321,D,,462
Transit,Assetworks,FleetFocus M5 Maintenance & Support Renewal,23-0548,2023,39358.79,E2,,463
Saskatoon Water,Delco Automation Inc.,Filtralite Replacement,24-0299,2024,929102,E2,,464
Transportation,Barricades and Signs Ltd.,Crash Cushion Repairs,23-0549,2023,150000,E2,,465
Facilities Management,HBI Office Plus,Haworth - Office Furniture Maintenance Parts and Repairs,24-0077,2024,100000,"D, E1",,466
Recreation & Community Development,Saskatoon Zoo Foundation Inc.,Zebra Project,24-0080,2024,100000,"C, J2",,467
IT,SAP Canada Inc.,SAP S/4 HANA License Renewal,24-0085,2024,6050526,"D, E",,468
Clerk's,Western Information Management Inc.,WIM License Renewal,24-0087,2024,37560,"D, F",,469
Community Standards,Tannery Creek Systems Inc.,AutoChalk Mobile Max and Compact Systems,24-0092,2024,90657,"D, E",,470
Water & Waste Operations,Sarcan Recycling,Glass Recycling Program ,24-0105,2024,39330,J1,,471
Forestry Farm Park & Zoo,University of Saskatchewan - Small Animal Clinic,Veterinary Services for Small Animals,24-0106,2024,40000,"E, I",,472
Forestry Farm Park & Zoo,University of Saskatchewan ,Veterinary Services for Large Animals,24-0107,2024,32000,"E, I",,473
Water & Waste Operations,Cosmopolitan Industries Ltd.,Multi Unit Recycling Program ,24-0108,2024,10032670,J1,,474
Water & Waste Operations,Cosmopolitan Industries Ltd.,Multi Unit Recycling Program ,24-0108,2024,447280,J1,,475
Transit,Payment in Motion Inc.,Disposable Smart Cards,24-0110,2024,27600,D,,476
Technical Services,Medteq Solutions Ca Ltd.,Vector Solution Rostering Module,24-0111,2024,37311,E2,,477
Community Standards,Tannery Creek Systems Inc.,AutoChalk Handheld and License Plate Recognition (LPR) Enforcement,24-0121,2024,123498,"D, E",,478
Mayor's Office,Molly Seaton-Fast,Communications Support for Mayor's Office ,24-0126,2024,124800,F2,,479
Saskatoon Water,Westech Industrial Ltd.,Digester Tank C Refurbishment - Varec Biogas System Ancillaries,24-0127,2024,126481,E1,,480
IT,Saskatchewan Research Council,Aerial Imagery,24-0129,2024,122486.5,J1,,481
Corporate Revenue,Moneris,Payment Processing Services,24-0134,2024,1000000,D,,482
Recreation & Community Development,Gordie Howe Sports Complex,Clarence Downey Speedskating Oval Operation,24-0135,2024,100000,K,,483
Transit,Payment in Motion Inc.,Software Maintenance and Support for PIM Fare Products,24-0136,2024,85050,E1,,484
Transportation,Canadian Pacific Railway Company,CP Monthly Public Crossing 2024,24-0140,2024,94830,E3,,485
City Solicitors,Marsh Canada Ltd.,Insurance Premiums 2024,24-0142,2024,573999,"B, E",,486
City Solicitors,Marsh Canada Ltd.,Insurance Premiums December 2023,24-0143,2024,549863,"B, E",,487
City Clerks,eScribe Software Ltd.,eScribe Annual Software Renewal,24-0146,2024,58328.71,"D, F",,488
Saskatoon Water,United Rentals,Generator Rental - Acadia,24-0148,2024,173045.8,C,,489
Saskatoon Land,Marsh Canada Ltd.,Insurance Policy - Property All Risks,24-0150,2024,55475,G1,,490
Fleet,Finning Canada,R2243 & R2244 Damages/Defects,24-0165,2024,35941,F3,,491
Fleet,North Country Customs ,Aerial Device Equipment Parts and Service,24-0168,2024,65000,E,,492
S L & P,PTI Transformer Inc.,PTI Transformers,24-0180,2024,224075,C,,493
Corporate Revenue,Harris Computer Corporation,2024 Maintenance Support for Metersence,24-0183,2024,55119.8,F3,,494
S L & P,EA Nunn Consulting Ltd.,Protective Grounding Procedures Review and Gap Analysis,24-0184,2024,56966.38,E1,,495
Roadways & Support Services,Capital Petroleum Services Ltd.,Fuel Site Upgrades,24-0188,2024,76451,A,,496
Finance,RBC Investor Services Trust,Investment Custody Services,24-0189,2024,45000,G1,,497
WTP,Intergrated Power Services Inc.,Preventative Maintance Services and Health Checks on Toshiba VFDs,24-0198,2024,48297,F3,,498
Transportation,Miovision Technologies Inc.,Traffic Data Processing 2024,24-0200,2024,50000,D,,499
Fire,Rocky Mountain Phoenix,Fire Fighting Foam,24-0207,2024,70200,E1,,500
IT,SaskTel,NG-911 Call Handling,24-0212,2024,51500,"E1, 3",,501
WTP,Eda Environmental Ltd.,Ultraviolet Parts and Services,24-0214,2024,175000,E2,,502
Human Resources,Shadow Light Consulting Inc.,Situational Leadership Program,24-0229,2024,45000,"D, E",,503
Roadways & Support Services,Core Rock Consutling and Construction,Snow Clearing Removal,24-0230,2024,68835,C,,504
Saskatoon Water,Loraas Disposal North Ltd.,Heavy Grit Disposal,24-0300,2024,78680,"E,1",,505
Roadways & Support Services,Celtic Consulting,Snow Clearing Removal,24-0231,2024,64675,C,,506
Community Standards,Saskatoon Zoo Society,Kinsmen Train Express Services,24-0239,2024,31600,J2,,507
C & D,BBK Engineering,Assiniboine Crossing Retaining Walls,24-0242,2024,31850,A,,508
IT,IBM Canada Ltd.,Spectrum Control (SVC) License & Support,24-0243,2024,58299.5,"D, E",,509
Saskatoon Water,Aecom Canada Ltd.,Canadian Infrastructure Benchmarking Initiative 2024 Project Fees,24-0247,2024,35530,"E1, H4",,510
Water & Waste Operations,Geoware Inc.,Geoware Software Maintenance and Support,24-0260,2024,70345,D,,511
Human Resources,Saskatchewan Safety Council,Safety Seminar,24-0261,2024,30450,G2,,512
Saskatoon Land,Marsh Canada Ltd.,Annual Insurance for DEED Properties,24-0262,2024,26048,G1,,513
IT,IBM Canada Ltd.,IBM SAN / Tape Maintenance ,24-0265,2024,49673.48,F3,,514
Transit,Payment in Motion Inc.,Transit PIM Smart Cards 2024,24-0267,2024,31500,"D, I1",,515
City Solicitors,Marsh Canada Ltd.,Brokerage Contract ,24-0270,2024,112398,G1,,516
IT,Esri Canada Ltd.,GIS Software,24-0274,2024,1335000,E1,,517
FFP & Zoo,Saskatoon Zoo Society Inc.,Zoo Programming Services,24-0285,2024,153100,"D, J2, K",,518
Fleet,Fort Garry Industries Ltd.,Gravel Box Install,24-0289,2024,51025,D,,519
Transportation,Canadian National Rail,CN Maintenance,24-0291,2024,59302.01,E2,,520
Technical Services,Canadian Pacific Railway Company,Canadian Pacific Kansas City Rail Crossing Upgrades,24-0303,2024,233869.5,E3,,521
Saskatoon Water,John Brooks Company Ltd.,Seepex Pumps and Parts,24-0306,2024,685997.4,E,,522
Fleet,Frontline Truck & Trailer,Freightliner Parts and Service - Standing Offer ,24-0307,2024,150000,E,,523
Communications & Public Engagement,Rawlco Radio Ltd,DRR Summer Radio Campaign,24-0310,2024,33150,E,,524
Fleet,Bell International Trucks Ltd.,International Branded Parts and Service,25-0188,2025,130000,E,,525
Solicitors Office,Marsh Canada Ltd.,Insurance Premiums 2024 - Marsh Canada,24-0315,2024,754127,"A, E, J",,526
Parks,Nutrien Ag Solutions (Canada) Inc.,Vectobac Biological Larvicide,24-0328,2024,34560,E,,527
Transit,Modaxo Inc.,Trapeze Planning Software Training,24-0330,2024,29470,D,,528
Parks,Nutrien Ag Solutions (Canada) Inc.,Vectobac Biological Larvicide 2025,25-0283,2025,36640,E,,529
Technical Services,White Cap Supply Canada,Silane Sealer,24-0340,2024,26050,E,,530
C & D,American National Standards Institute,ANSI Renewal,25-0284,2025,148515,E1,,531
Corporate Revenue,N. Harris Computer Corporation,Maintenance support for Smart Metering System,24-0342,2024,93913,E,,532
Saskatoon Water,Spartan Controls,Saskatoon Water - Keystone Influent and Effluent Valves - ACAN,25-0108,2025,195496.6,E1,,533
"Roadways, Fleet and Support Services",Lafrentz Road Marking,Supply of Crafco Roadsaver,24-0364,2024,28800,K,,534
Saskatoon Water,Westburne Electric Supply Midwest Div Of Rexel Canada Electrical Inc,Saskatoon Water Rockwell Supply,25-0219,2025,1500000,E3,,535
C & D,ISN Software Canada Ltd.,ISN Annual Renewal,24-0367,2024,57950,D,,536
Digital Technology ,Horizon Computer Solutions,IBM Disk Expansion,25-0220,2025,28661.12,H2,,537
Facilities Management,Nalco Canada,2024 Fluid Cooler Chemical Delivery,24-0372,2024,25414.12,"E,3",,538
Roadways & Support Services,Western Asphalt,NS Supply of MC-30 Oil,25-0288,2025,53000,A,,539
Fire,Everbridge Inc.,Mass Notification System,24-0378,2024,43199.09,D,,540
Corporate Revenue,Elster Solutions Canada,NS Yearly Maintenance for AMI Head End,25-0289,2025,123315.2,E1,,541
IT,Modaxo Inc.,Trapeze Annual Maintenance and Support,24-0384,2024,311598,D,,542
Assessors,Avenu Insights & Analytics,Avenu Insights & Analytics Software Maintenance 2025,25-0297,2025,56351.42,"D,a",,543
HR,CPAS Systems Inc.,NS CPAS Systems,24-0386,2024,26712,"D1,2",,544
Water & Waste Operations,Vermeer Canada Inc.,Service and Repair of Compost Turner,25-0298,2025,36000,"F,3",,545
Fleet,Brandt Tractor Ltd.,Repairs to Unix X2237 2016 John Deere 772G Motor Grader,25-0307,2025,26557.95,E1,,546
Saskatoon Water,Anthratec Western Inc.,"Design, Supply and Delivery of Underdrain System",25-0306,2025,3958700,"D, a",,547
Saskatoon Land,Marsh Canada Ltd.,Insurance Package - Deed Properties,25-0310,2025,29783,"G, 1",,548
S L & P,Rexel Utility,Horstmann iHost Solo Software,25-0313,2025,73579.4,"D, a",,549
Parks,RST Maintenance Inc.,Berm Mowing,25-0139,2025,54031.64,K,,550
Digital Technology ,Info-Tech Research Group Inc,CIO Membership,25-0316,2025,110000,"D, a",,551
Facilities Management,Mikkelsen Coward Ltd.,Building Controls and Automation Support,25-0237,2025,701250,D / E,,552
Planning & Development,The Pepsi Bottling Group,Water Bottle Program,25-0377,2025,34210.4,C,,553
WTP,Integrated Power Services Inc.,Supply of Toshiba 5KV VFD Power Module,25-0324,2025,68609,D / E,,554
Solicitors Office,Marsh Canada Ltd.,Insurance Premiums 2025 - 2026,25-0332,2025,773987,B,,555
Corporate Revenue,N. Harris Computer Corporation,Smartworks Web Portal,25-0333,2025,98608.85,E1,,556
Communications & Public Engagement,Rawlco Radio Ltd,Radio Commercials,25-0335,2025,35275,E1,,557
Communications & Public Engagement,Harvard Broadcasting,Radio Commercials,25-0335,2025,6375,E1,,558
Communications & Public Engagement,Saskatoon Media Group,Radio Commercials,25-0335,2025,11900,E1,,559
Saskatoon Water,Xylem,Heavy Grit 3102 Replacement / Spare Parts,25-0337,2025,42100.2,C,,560
Saskatoon Water,SaskEnergy,SaskEnergy Construction Services,25-0342,2025,340428,F3,,561
Recreation and Community Development,SurveyMonkey Europe,Grant Management System,25-0340,2025,28426.8,E1,,562
Human Resources,CTIP Center for Trauma Informed Practices,Trauma Response Trainings,25-0349,2025,25902.3,D,,563
Sustainability,Saskatchewan Environmental Society,SASF 2025-2026 Program,25-0370,2025,68000,J2,,564
Saskatoon Water,Summit Valve & Controls Ltd,Replacement of Rotork Electric Actuators,25-0352,2025,61230,"C,D,E,F",,565
S L & P,Survalent Technologies,NS Survalent Annual Maintenance Plan,25-0356,2025,41055,"D, E2",,566
Fleet,Brandt Tractor Ltd.,John Deere Heavy Equipment Parts and Services,25-0299,2025,175000,E,,567
Recreation and Community Development,Dr. Inoka Gamage Veterinary Prof. (Fairlight Veterinary),Veterinary Care,25-0366,2025,50000,E1,,568
Solicitors Office,Marsh Canada,Aviation Liability Policy Premium,25-0358,2025,34212,B,,569
Technical Services,SaskPower,SaskPower Work,25-0363,2025,48752.37,E3,,570
S L & P,Esri Canada Ltd.,ArcFM 11 Licenses,25-0364,2025,50880,E1,,571
Digital Technology ,Vontas,Vontas Hardware and Software Maintenance 5 Yr,25-0365,2025,1799399,F3,,572
Fleet,Falcon Equipment,Knuckle Boom Truck Rental,25-0367,2025,71400,E1,,573
Fire,Rocky Mountain Phoenix,Fire Foam,25-0378,2025,86400,E1,,574
Finance,TD Global Investment Solutions,External Investment Manager,25-0103,2025,1675600,G,,575
Water & Waste Operations,Geoware Inc.,Geoware Professional Services,25-0392,2025,141720,Da,,576
Digital Technology ,Modaxo Inc,Trapeze Scheduling Services,25-0399,2025,27440,C1,,577
Transit,Transit Professionals On Demand Inc.,Bus Inspections,25-0407,2025,54240,E1,,578
Sustainability,FoodMesh,Love Food Hate Waste Campaign,25-0412,2025,25000,E,,579
Technical Services,Viterra Canada Inc.,Crossing Upgrades Fairlight Dr. at Viterra Crossing,25-0419,2025,100000,E3,,580
City Clerks,Gravity Holdings Ltd,Catering Services for Council Committee Meetings 2025,25-0422,2025,25000,D,,581
Corporate Revenue,SaskEnergy,Express Address Billing 2025-2026,25-0425,2025,27522.51,"D, E1, J1",,582
Roadways & Support Services,Nordic Industries 1979 Ltd,City Yards Preventive Maintenance for Automatic Gates,25-0427,2025,50000,"C, D, F3",,583
Transit,Cummins Canada ULC,Cummins Engines,25-0433,2025,1665000,E,,584
Facilities Management,Core HVAC Services Inc.,CSE Mitsubishi Repairs,25-0434,2025,39853.62,E1,,585
Human Resources,CPAS Systems Inc.,CPAS Annual Support,25-0437,2025,31082.66,D,,586
Technical Services,Aim Service Inc.,PipeLogix Software Upgrade,25-0435,2025,62875.64,D,,587
C & D,ISN Software Canada Ltd.,ISN Software Canada Ltd 2025 Renewal,25-0438,2025,65000,D,,588
Digital Technology ,SAP Canada Inc.,SAP Learning Hub License,25-0431,2025,78120,E,,589
Water & Waste Operations,InfoSense Inc.,SL-RAT Equipment,25-0440,2025,34405,E,,590
Roadways & Support Services,Lafrentz Road Marking,Supply of Roadsaver,25-0450,2025,40005,E1,,591
Planning & Development,Morris Interactive,Community Navigation Hub Feasibility Study,25-0455,2025,75000,C,,592
SCM - Procurement,Edgewater Tech Inc.,SAP SCM Services,24-0388,2024,87400,E1,,593
Planning & Development,Community University Institute for Social Research,NS PIT Count Work,24-0389,2024,31685,J1,,594
SCM - Procurement,Polar Oils LP,Corporate Propane Supply,24-0393,2024,212370.9,K,,595
Fire,Priority Dispatch,NG911 ProQA Paramount,24-0402,2024,116063.8,"D(a), E1,E2",,596
Roadways & Support Services,RST Maintenance Inc.,Ditch Mowing,24-0404,2024,32575.2,K,,597
Transit,Pattison Outdoor Advertising,Transit Safety Ads,24-0405,2024,29275,E,,598
Clerks,Elections Ontario,Voting Technology Lease,24-0406,2024,50000,J1,,599
Technical Services,Canadian Pacific Railway Company,Canadian Pacific Kansas City Rail Fairlight Dr. Crossing Upgrade,24-0409,2024,44750.46,E3,,600
WTP,Summit Valve & Controls Ltd.,"8"" Val-matic Well Service Air Valves",24-0413,2024,36729,"C, E",,601
IT,SAP Canada Inc.,SAP SF/WFS Licensing,24-0418,2024,2181740,"E1, F3",,602
Transit,Payment in Motion Inc.,Disposable Smart Cards,24-0421,2024,30400,D,,603
IT,Microsoft Licensing GP,Microsoft EA SCE,24-0427,2024,9763161,"E1,2,3",,604
IT,Shaw Business,SIP Trunk Services,24-0429,2024,140000,"D a,b,",,605
Communications & Public Engagement,Pattison Outdoor Advertising,Outdoor Advertising,24-0431,2024,32505,E1,,606
Corporate Revenue,SaskEnergy,SaskEnergy ExpAdress Billing,24-0432,2024,29714.23,D,,607
IT,SAP Canada Inc.,SAP Learning Hub,24-0433,2024,114417,"D a,b,",,608
Transportation,CN Railway Company,CN Backlights at 51st Street,24-0435,2024,84554,"E3, K",,609
Sustainability,Saskatchewan Environmental Society,Student Action for a Sustainable Future Program,24-0448,2024,72000,J2,,610
Fleet,Leslie Emergency Vehicles,Police Interceptor,24-0452,2024,66056.16,C,,611
IT,Active Network,Upgrade Payment Manager 2.0,24-0454,2024,626400,"Da,b",,612
Technical Services,Top Shot Concrete Systems,NS Taylor Street Crumpled Steel Liner Removal from Storm Pipe ,24-0461,2024,66150,E1,,613
Fleet,Sigma Safety Corp,Upfits for Seven (7) SPS Vehicles,24-0466,2024,47204.09,C,,614
Facilities - Project Services,Henry Downing Architects,Consulting Services - 210 Pacific Avenue,24-0468,2024,34060,C,,615
IT,Sodales Solutions,Sodales Licensing Year 1 of 5,24-0476,2024,835050,E1,,616
"Roadways, Fleet and Support Services",Nordic Industries 1979 Ltd,"	
NS Nordic Preventative Maintenance 2024 Q4",24-0481,2024,30000,F3,,617
C & D,Dream Asset Management Corporation,Berm Construction and Seeding,24-0484,2024,3513147,,,618
"Roadways, Fleet and Support Services",Loraas Disposal North Ltd.,NS Roadways Waste Disposal ,24-0487,2024,50000,D,,619
Transit,Nova Bus Inc.,Nova Bus OEM Bus Parts directly from NOVA BUS,24-0488,2024,383936.5,A,,620
Transit,The Gear Centre,Unit 1007 Transmission Overhaul,24-0492,2024,25600,"E1,2",,621
IT,Vermont Systems Inc,Annual Support Contract for RecTrac,24-0495,2024,28695.84,D,,622
IT,Workforce Software Inc.,Workforce Software Service,24-0498,2024,185000,D & E,,623
Fire,Rocky Mountain Phoenix,Service Self Contained Breathing Apparatus,24-0500,2024,125061.7,D,,624
Recreation & Community Development,CWB National Leasing,Golf Cart Purchase,24-0502,2024,104150,Da,,625
Fleet,Global Rental Canada ULC,2x Bucket Trucks Buyout,24-0505,2024,364905,D,,626
Fire,Rocky Mountain Phoenix,Multi-use Washer for Breathing Apparatus,24-0509,2024,38543,E,,627
Saskatoon Water,Cleartech Industries,Clearfoam 0232 Defoamer,24-0511,2024,33587.43,"E, F",,628
Transit,The Gear Centre,Unit 1007 ZF Transmission Rebuild,24-0512,2024,25600,,,629
Saskatoon Water,Skeans Pneumatic & Automation Inc.,Gas Booster Blower,24-0513,2024,28581.61,D,,630
Corporate Revenue,Selectron Technologies Inc.,Renewal for IVR System,24-0523,2024,39675,"Da,b, E1,2",,631
S L & P,Finning Canada,Gas Generator Cylinder Packs,24-0524,2024,145811.3,E1,,632
Facilities Management,Saskatoon Disaster Services,Flood Clean-up,25-0461,2025,30212.73,C,,633
Communications & Public Engagement,"Sprout Social, Inc.",Social Media Management and Analytics Software,25-0464,2025,51725.67,C,,634
Recreation and Community Development,Saskatoon Zoo Foundation,Zoo Foundation Pathway,25-0466,2025,124592.7,H,,635
Recreation and Community Development,Saskatoon Zoo Foundation,S450 Skid Steer with Bucket and Forks,25-0467,2025,35450,H,,636
SCM - Operations,Payment in Motion Inc.,Reloadable and Disposable Smart Cards,25-0468,2025,97386.21,D,,637
Corporate Revenue,Ticket Tracer Corporation,Ticket Tracer 2025 Maintenance and Support,25-0463,2025,33594.91,E1,,638
WWTP,Xylem Canada Co,Supply and Delivery of Flygt Products (Pumps and Parts),25-0469,2025,990000,E,,639
Fire,Everbridge Inc.,Mass Notification System,25-0472,2025,58577.05,D,,640
Transit,Masabi LLC,Masabi Reloadable Cards,25-0475,2025,225000,Da,,641
Digital Technology ,Roger Bell,Trapeze Support Contract Renewal,25-0474,2025,331263,F3,,642
Transportation,WSP,Cycling Facility Design & Engagement Services,25-0479,2025,71300,D,,643
Communications & Public Engagement,Rawlco Radio Ltd,Radio Station Advertisement,25-0249,2025,132156,"E1, K",,644
Communications & Public Engagement,Harvard Broadcasting,Radio Station Advertisement,25-0249,2025,29275,"E1, K",,645
Communications & Public Engagement,Saskatoon Media Group,Radio Station Advertisement,25-0249,2025,94355,"E1, K",,646
Fleet,Finning Canada,Finning Caterpillar Equipment Parts & Service,25-0452,2025,250000,E,,647
Transportation,Canadian Pacific Railway Co,Warning System Repair at Ave I,25-0477,2025,28521.87,E,,648
Fire,Midwest Sportswear,V2 Tactical Pant,25-0492,2025,122200,E1,,649
WTP,John Brooks Co. Ltd.,Seepex GmBH Replacement Parts,25-0494,2025,57593.78,"E, F",,650
Water & Waste Operations,City of Saskatoon EFAP,EFAP Counselling Services,25-0500,2025,40000,"C,D,E3,G2",,651
Planning & Development,OnPurpose Leadership Inc.,Gather Local Market Interim Operations,25-0501,2025,75000,C,,652
Water & Waste Operations,Wachs Canada Ltd,Modular Design Split Frame Pipe Cutter,25-0504,2025,37500,E,,653
Water & Waste Operations,EasyTech Infrastructure Group Ltd,EasyDig Trench Cage,25-0505,2025,39191.13,E,,654
Planning & Development,STC Urban First Nations Services,Public Washroom Trailer Project,25-0511,2025,182000,G3,,655
Planning & Development,STC Urban First Nations Services,Operations of Daytime Drop-in and Navigation Centre,25-0512,2025,82000,G3,,656
Fleet,Saskatoon Motor Products 1973 Ltd,Lease Buyout - Four Evs,25-0515,2025,52499.52,D,,657
Saskatoon Water,HBI Office Plus Inc.,Architectural Walls,25-0520,2025,48624,Da,,658
Recreation and Community Development,Earlys Farm & Garden Centre Inc,Fungicide Supply,25-0522,2025,26215.12,"E2,3",,659
Saskatoon Water,SaskEnergy,SaskEnergy Gas Main Relocation,25-0523,2025,61098.3,F3,,660
Recreation and Community Development,BrettYoung Seeds Ltd.,Supply and Delivery of Turf Protection Matting,25-0524,2025,25730,E1,,661
Saskatoon Water,Canadian National Rail Non Freight Management,CN Flagging Fees,25-0530,2025,78221.7,E3,,662
Fleet,Fer-Marc Equipment Ltd.,Elgin and Vactor Branded Equipment Parts and Service,25-0508,2025,150000,E,,663
Technical Services,3Twenty Rentals,Office Trailer Buyout,25-0529,2025,68000,D,,664
Transportation,Virtue Construction Ltd.,Wet Blasting Services on 23rd Street Bike Lanes,25-0531,2025,35700,E,,665
Saskatoon Land,Core HVAC Services Inc.,HVAC Repairs at 39-23rd Street East,25-0396,2025,87518.67,D,,666
Corporate Revenue,N. Harris Computer Corporation,Crediton Software Maintenance,25-0534,2025,31080.17,E1,,667
Human Resources,NACTATR o/a CTIP,Centre for Trauma,25-0535,2025,27764.41,D,,668
Digital Technology ,Vermont Systems Inc.,RecTrack Maintenance and Support,25-0537,2025,33444.51,E1,,669
Digital Technology ,SpinifexIT North America Inc.,Spinflex Renewal,25-0538,2025,499137.3,D,,670
Fire,Rocky Mountain Phoenix,SCBA Bottles MSA,25-0542,2025,28704,H2,,671
Roadways & Support Services,Caterpillar Financial Services Ltd.,MotorGrader Lease Buyout ,25-0548,2025,489600,D,,672
Fire,Ffun Motor Sports,Sea-Doo Explorer 170 ,25-0554,2025,36867.24,E1,,673
Corporate Revenue,Selectron Technologies,Selectron IVR Renewal,25-0556,2025,26780,D1,,674
Parks,Park N Play,Play Equipment for Parkridge Playground,25-0562,2025,30469.83,D1,,675
Facilities Management,ICR Property Management,325 Ave C Warmup Renovation,25-0563,2025,195599.5,C,,676
Fire,College Clean Restoration Inc,Clean Encampments,25-0566,2025,75000,C,,677
Digital Technology ,Saskatchewan Research Council,Aerial Imagery,25-0569,2025,122486.3,J1,,678
Water & Waste Operations,Aim Service Inc,IBAK CCTV Camera System for Sewer Inspection,25-0570,2025,292600,D,,679
Roadways & Support Services,Rocky Mountain Equipment,Repair Disker,25-0571,2025,29044.11,D,,680
Saskatoon Water,Evoqua Water Technologies Ltd,Evoqua Pumps and Auxiliary Equipment,25-0572,2025,209291.6,E2,,681
Finance,Oracle Canada ULC,2026/2027 Oracle Licensing,25-0574,2025,46088.57,D,,682
Fleet,Redhead Equipment,"Heavy Equipment Parts & Services for Mack, Volvo and Case Brands",25-0552,2025,175000,E,,683
Saskatoon Water,Water Research Foundation,WRF Subscription/Membership,25-0578,2025,36806,"E, F",,684
City Clerks,Open Text Corporation,DCTM license renewal,25-0579,2025,109123.9,F3,,685
IT,GovAI,Annual GovAI Enterprise Subscription,25-0573,2025,222000,E1,,686
